date,imoex,ofz5y,eps_fwd,coe,erp,pe
2025-01-03,2828.5,16.5671667599,760.0,0.2686936538801485,0.10302198628114848,3.7217105263157895
2025-01-06,2816.26,16.4753178414,760.0,0.2698614474515847,0.10510826903758469,3.705605263157895
2025-01-08,2840.79,16.3666441405,760.0,0.267531214908529,0.10386477350352899,3.7378815789473685
2025-01-09,2773.12,16.720658758,760.0,0.27405954304177244,0.10685295546177245,3.648842105263158
2025-01-10,2824.59,16.7288701906,760.0,0.26906559890107945,0.10177689699507947,3.7165657894736843
2025-01-13,2866.11,16.66759663,760.0,0.2651677709508707,0.0984918046508707,3.7711973684210527
2025-01-14,2859.51,16.7074738491,760.0,0.26577980143451146,0.09870506294351145,3.762513157894737
2025-01-15,2842.96,16.9343700657,760.0,0.2673270112840138,0.09798331062701379,3.7407368421052634
2025-01-16,2911.29,16.8955212806,760.0,0.2610526605044499,0.09209744769844991,3.830644736842105
2025-01-17,2945.52,17.0016473979,760.0,0.25801895760341126,0.08800248362441124,3.8756842105263156
2025-01-20,2929.55,16.8275683213,760.0,0.2594255090372241,0.09114982582422412,3.8546710526315793
2025-01-21,2934.71,16.9415722955,760.0,0.2589693700570073,0.08955364710200733,3.8614605263157897
2025-01-22,2972.62,16.9290034066,760.0,0.2556667182485484,0.08637668418254843,3.9113421052631576
2025-01-23,2926.1,16.989728287,760.0,0.25973138306961485,0.08983410019961488,3.8501315789473685
2025-01-24,2947.94,16.993906684,760.0,0.25780714668548205,0.08786807984548206,3.8788684210526316
2025-01-27,2891.39,16.7998220655,760.0,0.26284935619200456,0.09485113553700456,3.8044605263157893
2025-01-28,2931.97,16.8102257231,760.0,0.2592113834725458,0.0911091262415458,3.8578552631578944
2025-01-29,2950.68,16.9201544703,760.0,0.2575677470955848,0.08836620239258475,3.882473684210526
2025-01-30,2967.47,17.0069270941,760.0,0.2561104240312455,0.08604115309024551,3.904565789473684
2025-01-31,2948.1,17.0836672576,760.0,0.25779315491333404,0.08695648233733405,3.879078947368421
2025-02-03,2926.17,17.3152209577,760.0,0.25972516976115534,0.08657296018415533,3.8502236842105266
2025-02-04,2917.71,17.4078762744,760.0,0.2604782517796491,0.08639948903564912,3.839092105263158
2025-02-05,2930.56,17.2682196597,760.0,0.25933609958506226,0.08665390298806225,3.856
2025-02-06,2970.12,17.1692994604,760.0,0.2558819172289335,0.0841889226249335,3.9080526315789474
2025-02-07,2966.53,17.1222277032,760.0,0.2561915773647999,0.08496930033279992,3.903328947368421
2025-02-10,3012.39,17.1599347525,760.0,0.2522913699753352,0.08069202245033519,3.963671052631579
2025-02-11,3018.02,17.2805521351,760.0,0.2518207301475802,0.07901520879658022,3.971078947368421
2025-02-12,3025.63,17.2045216681,760.0,0.2511873560217211,0.07914213934072109,3.981092105263158
2025-02-13,3206.97,16.0668400746,760.0,0.23698381961789478,0.07631541887189475,4.219697368421053
2025-02-14,3185.0,16.6927898503,760.0,0.23861852433281006,0.07169062582981006,4.190789473684211
2025-02-17,3308.41,16.6199070073,760.0,0.22971759848386386,0.06351852841086386,4.353171052631579
2025-02-18,3258.76,16.532304143,760.0,0.23321754286906674,0.06789450143906672,4.287842105263159
2025-02-19,3270.64,16.5699943207,715.0,0.21861164787319914,0.05291170466619913,4.574321678321678
2025-02-20,3292.62,16.4489166476,715.0,0.21715229816984652,0.05266313169384651,4.605062937062937
2025-02-21,3283.29,16.5008663642,715.0,0.21776937157546242,0.05276070793346241,4.592013986013986
2025-02-24,3303.63,16.5432810394,715.0,0.21642859521193353,0.050995784817933515,4.620461538461538
2025-02-25,3326.14,16.4786674748,715.0,0.2149638920791067,0.050177217331106694,4.651944055944056
2025-02-26,3276.0,16.3236121774,715.0,0.21825396825396826,0.05501784647996824,4.581818181818182
2025-02-27,3232.65,16.3436932451,715.0,0.22118076500703757,0.05774383255603757,4.521188811188812
2025-02-28,3200.48,16.4128774981,715.0,0.22340398940158976,0.05927521442058978,4.476195804195804
2025-03-03,3145.73,16.306020639,715.0,0.22729223423497885,0.06423202784497886,4.399622377622378
2025-03-04,3241.63,16.1032910742,715.0,0.22056804755632198,0.05953513681432196,4.533748251748252
2025-03-05,3263.62,15.6195359108,715.0,0.21908187840496138,0.06288651929696137,4.564503496503496
2025-03-06,3207.7,15.2964830751,715.0,0.22290114412195655,0.06993631337095657,4.486293706293706
2025-03-07,3166.88,15.2205322816,715.0,0.22577426362855554,0.07356894081255555,4.429202797202797
2025-03-10,3200.81,14.9140196095,715.0,0.2233809566953365,0.07424076060033649,4.476657342657343
2025-03-11,3200.95,15.1811240749,715.0,0.2233711866789547,0.07155994592995471,4.476853146853147
2025-03-12,3183.97,15.0662544361,715.0,0.22456241735946006,0.07389987299846007,4.453104895104895
2025-03-13,3121.57,15.1810086885,715.0,0.22905140682413017,0.07724131993913017,4.365832167832168
2025-03-14,3195.08,14.9220899785,715.0,0.22378156415488815,0.07456066436988815,4.468643356643357
2025-03-17,3245.19,14.7501258002,715.0,0.22032608260225134,0.07282482460025136,4.5387272727272725
2025-03-18,3257.49,14.607000471,715.0,0.21949415040414555,0.07342414569414557,4.55593006993007
2025-03-19,3229.79,14.6755944524,715.0,0.2213766220094805,0.07462067748548049,4.517188811188811
2025-03-20,3223.14,14.774193344,715.0,0.22183336746154372,0.07409143402154372,4.507888111888112
2025-03-21,3191.61,14.9271400134,715.0,0.224024865193429,0.07475346505942901,4.46379020979021
2025-03-24,3178.66,15.195684739,715.0,0.2249375523019134,0.07298070491191339,4.445678321678321
2025-03-25,3164.62,15.2600689316,715.0,0.22593549936485266,0.07333481004885267,4.426041958041958
2025-03-26,3146.31,15.3948943317,715.0,0.22725033451884907,0.07330139120184909,4.400433566433566
2025-03-27,3083.99,15.5057347974,715.0,0.2318425157020613,0.0767851677280613,4.313272727272727
2025-03-28,3025.65,15.5529764318,715.0,0.23631285839406407,0.08078309407606407,4.231678321678322
2025-03-31,3013.36,15.7231188432,715.0,0.23727666126848435,0.08004547283648433,4.214489510489511
2025-04-01,2964.43,15.5440704729,715.0,0.24119307927662317,0.08575237454762319,4.146055944055944
2025-04-02,2926.39,15.6656270227,715.0,0.24432833627780304,0.08767206605080302,4.092853146853146
2025-04-03,2859.58,16.006401868,715.0,0.2500367186789669,0.08997269999896687,3.9994125874125874
2025-04-04,2781.97,16.1752668448,715.0,0.2570121173125519,0.09525944886455193,3.8908671328671325
2025-04-07,2729.89,16.3554765585,715.0,0.26191531526911344,0.09836054968411342,3.8180279720279717
2025-04-08,2746.41,16.1602185012,715.0,0.260339861856023,0.09873767684402299,3.841132867132867
2025-04-09,2650.69,16.541385217,620.0,0.23390136153228028,0.06848750936228029,4.275306451612903
2025-04-10,2764.28,16.2633021329,620.0,0.2242898693330632,0.06165684800406318,4.458516129032258
2025-04-11,2829.92,15.9625572664,620.0,0.21908746537004578,0.059461892706045794,4.564387096774194
2025-04-14,2819.69,15.8908735018,620.0,0.21988232748990136,0.06097359247190137,4.547887096774193
2025-04-15,2805.55,16.0229440185,620.0,0.220990536614924,0.060761096429924,4.525080645161291
2025-04-16,2861.83,15.8918492423,620.0,0.21664459454265278,0.05772610211965279,4.615854838709677
2025-04-17,2865.32,15.8724500379,620.0,0.216380718383985,0.05765621800498502,4.621483870967742
2025-04-18,2872.77,15.9983772818,620.0,0.21581957483543757,0.05583580201743757,4.6335
2025-04-21,2922.46,15.9224078241,620.0,0.21215003798170035,0.05292595974070033,4.713645161290323
2025-04-22,2954.49,15.8830261305,620.0,0.20985009257096826,0.05101983126596826,4.7653064516129024
2025-04-23,2943.23,15.9254597271,620.0,0.210652922129769,0.051398324858768996,4.747145161290323
2025-04-24,2944.43,15.857602004,620.0,0.2105670707063846,0.0519910506663846,4.74908064516129
2025-04-25,3006.14,15.7662951937,620.0,0.20624455281523815,0.04858160087823815,4.848612903225806
2025-04-28,3034.3,15.8730708654,620.0,0.20433048808621426,0.045599779432214244,4.894032258064517
2025-04-29,2957.66,16.100975361,620.0,0.2096251766599271,0.04861542304992711,4.770419354838709
2025-04-30,2918.47,16.0406388038,620.0,0.21244007990488167,0.05203369186688167,4.707209677419354
2025-05-02,2836.7,16.3528169153,620.0,0.21856382416187825,0.05503565500887825,4.575322580645161
2025-05-05,2738.8,16.4114798959,620.0,0.2263765152621586,0.062261716303158576,4.41741935483871
2025-05-06,2820.07,16.4344089554,620.0,0.21985269869187643,0.05550860913787645,4.548500000000001
2025-05-07,2833.09,16.135816367,620.0,0.218842324105482,0.05748416043548199,4.569500000000001
2025-05-08,2850.93,16.0182823934,620.0,0.21747289480976384,0.05729007087576385,4.598274193548387
2025-05-12,2930.17,16.0232238722,620.0,0.2115918189047052,0.0513595801827052,4.72608064516129
2025-05-13,2935.53,16.1890838812,620.0,0.21120547226565559,0.04931463345365561,4.734725806451613
2025-05-14,2924.21,16.0208247553,620.0,0.2120230763180483,0.05181482876504828,4.716467741935484
2025-05-15,2840.05,16.1332395339,620.0,0.2183060157391595,0.05697362040015952,4.580725806451613
2025-05-16,2840.34,16.0760453384,620.0,0.21828372659611173,0.05752327321211173,4.581193548387097
2025-05-19,2882.63,15.9783511476,620.0,0.21508136666863245,0.055297855192632445,4.649403225806452
2025-05-20,2823.42,16.0061845631,620.0,0.21959184251723088,0.05952999688623087,4.553903225806452
2025-05-21,2809.58,15.967239556000001,620.0,0.2206735526306423,0.0610011570706423,4.5315806451612906
2025-05-22,2792.16,15.8935664258,620.0,0.2220503123030199,0.0631146480450199,4.503483870967742
2025-05-23,2770.1,15.7796349407,620.0,0.2238186347063283,0.0660222852993283,4.4679032258064515
2025-05-26,2699.84,16.0500279748,620.0,0.22964323811781437,0.06914295836981438,4.354580645161291
2025-05-27,2736.75,16.0777508937,620.0,0.22654608568557597,0.06576857674857597,4.414112903225806
2025-05-28,2785.2,15.9210712572,620.0,0.22260519890851646,0.06339448633651645,4.492258064516129
2025-05-29,2809.94,15.7727150289,620.0,0.22064528068214978,0.06291813039314978,4.5321612903225805
2025-05-30,2828.83,15.5843408335,620.0,0.21917188378234112,0.0633284754473411,4.562629032258064
2025-06-02,2829.67,15.5085743165,620.0,0.2191068216435132,0.06402107847851318,4.563983870967742
2025-06-03,2834.06,15.3361758583,620.0,0.21876742200235705,0.06540566341935705,4.571064516129032
2025-06-04,2836.64,15.2000395442,620.0,0.21856844717694174,0.06656805173494174,4.575225806451613
2025-06-05,2856.61,15.2327037447,620.0,0.21704047804915616,0.06471344060215617,4.607435483870968
2025-06-06,2786.16,15.4280951952,620.0,0.22252849800442187,0.06824754605242189,4.493806451612903
2025-06-09,2737.76,15.3513324053,620.0,0.2264625094968149,0.0729491854438149,4.415741935483871
2025-06-10,2722.37,15.1491347863,620.0,0.22774273886356375,0.07625139100056375,4.39091935483871
2025-06-11,2733.2,15.0369204688,620.0,0.22684033367481343,0.07647112898681344,4.408387096774193
2025-06-13,2750.32,15.0707968049,620.0,0.22542831379621278,0.07472034574721279,4.436
2025-06-16,2737.83,15.2109700704,620.0,0.22645671937264183,0.07434701866864182,4.415854838709677
2025-06-17,2788.94,15.2622269531,620.0,0.22230668282573307,0.06968441329473307,4.498290322580646
2025-06-18,2791.83,15.0539657509,620.0,0.2220765591028107,0.07153690159381071,4.502951612903225
2025-06-19,2783.81,14.9476048178,620.0,0.22271634917612912,0.07324030099812912,4.4900161290322576
2025-06-20,2751.04,14.9171908265,620.0,0.2253693148772828,0.07619740661228278,4.437161290322581
2025-06-23,2759.67,14.9753416254,620.0,0.22466454322437102,0.074911126970371,4.451080645161291
2025-06-24,2744.95,15.0138732589,620.0,0.22586932366709778,0.07573059107809776,4.427338709677419
2025-06-25,2790.78,14.8153994433,620.0,0.22216011294333482,0.07400611851033481,4.501258064516129
2025-06-26,2797.27,14.7814020619,625.0,0.22343213204302767,0.07561811142402766,4.475632
2025-06-27,2806.11,14.600976902,625.0,0.22272826083082986,0.07671849181082988,4.489776
2025-06-30,2847.38,14.5151733072,625.0,0.21950003160800455,0.07434829853600455,4.555808
2025-07-01,2848.44,14.525570451,625.0,0.21941834828888795,0.07416264377888795,4.557504
2025-07-02,2815.26,14.4381215132,625.0,0.22200436194170342,0.07762314680970342,4.504416
2025-07-03,2823.34,14.4777001229,625.0,0.2213690168382129,0.07659201560921289,4.5173440000000005
2025-07-04,2801.65,14.4897941276,625.0,0.22308282619170844,0.07818488491570844,4.48264
2025-07-07,2756.14,14.5469791682,625.0,0.22676641970291786,0.08129662802091786,4.4098239999999995
2025-07-08,2755.58,14.5309192482,625.0,0.22681250408262507,0.08150331160062507,4.4089279999999995
2025-07-09,2696.45,14.7243504403,625.0,0.23178623746036456,0.08454273305736457,4.3143199999999995
2025-07-10,2732.45,14.6249627335,625.0,0.2287324562206079,0.0824828288856079,4.371919999999999
2025-07-11,2642.02,14.6320269409,625.0,0.23656141891431556,0.09024114950531556,4.227232
2025-07-14,2714.14,14.5810237503,625.0,0.2302755200542345,0.08446528255123448,4.342624
2025-07-15,2756.95,14.3413709624,625.0,0.22669979506338528,0.08328608543938529,4.4111199999999995
2025-07-16,2777.16,14.2125236716,625.0,0.22505005113137164,0.08292481441537164,4.443455999999999
2025-07-17,2761.48,14.1751789446,625.0,0.226327911120124,0.08457612167412398,4.418368
2025-07-18,2784.63,14.0838781897,625.0,0.2244463357789006,0.08360755388190061,4.455408
2025-07-21,2821.78,14.0836483705,625.0,0.22149139904599224,0.08065491534099223,4.514848000000001
2025-07-22,2825.61,14.1095085284,625.0,0.22119117641854324,0.08009609113454325,4.520976
2025-07-23,2841.16,14.0786163763,625.0,0.2199805713159414,0.07919440755294141,4.545856
2025-07-24,2807.69,14.0432185662,625.0,0.2226029226873337,0.0821707370253337,4.492304
2025-07-25,2772.39,13.9667088645,625.0,0.22543725810582207,0.08577016946082208,4.435824
2025-07-28,2730.98,13.965389789,625.0,0.2288555756541608,0.0892016777641608,4.369568
2025-07-29,2758.28,13.8604081934,625.0,0.2265904839247647,0.08798640199076468,4.413248
2025-07-30,2726.24,13.8976233894,625.0,0.22925347731674395,0.09027724342274396,4.361984
2025-07-31,2732.12,13.8947279918,625.0,0.22876008374449147,0.08981280382649148,4.371392
2025-08-01,2727.98,13.9385349283,625.0,0.22910725151943928,0.08972190223643928,4.364768
2025-08-04,2773.85,13.9128777151,625.0,0.22531860050110858,0.08618982335010858,4.43816
2025-08-05,2786.37,13.8524174545,625.0,0.2243061761359762,0.08578200159097621,4.4581919999999995
2025-08-06,2764.62,13.9120768772,625.0,0.22607085241371327,0.08695008364171328,4.423392
2025-08-07,2876.43,13.6577601984,625.0,0.2172832295588629,0.08070562757486288,4.602288
2025-08-08,2924.63,13.527521315,625.0,0.21370224609608737,0.07842703294608738,4.6794080000000005
2025-08-11,2964.15,13.4799907845,625.0,0.21085302700605568,0.07605311916105567,4.74264
2025-08-12,2977.18,13.44269965,625.0,0.20993020240630397,0.07550320590630397,4.763488
2025-08-13,2973.02,13.5261004555,625.0,0.21022394736665076,0.07496294281165075,4.756832
2025-08-14,2977.34,13.5073226183,625.0,0.2099189209159854,0.07484569473298541,4.763744
2025-08-15,3012.09,13.3051334478,625.0,0.20749711993997522,0.07444578546197522,4.819344
2025-08-18,2951.26,13.3765029403,625.0,0.21177395417550468,0.07800892477250468,4.722016
2025-08-19,2965.66,13.2900530055,625.0,0.21074566875501577,0.07784513870001575,4.745056
2025-08-20,2940.78,13.4871526319,625.0,0.21252864886186656,0.07765712254286655,4.705248
2025-08-21,2883.5,13.6459627288,625.0,0.21675047685104906,0.08029084956304905,4.6136
2025-08-22,2896.76,13.5877133561,625.0,0.2157582954749444,0.0798811619139444,4.634816000000001
2025-08-25,2887.24,13.6635583253,625.0,0.21646970809492805,0.07983412484192803,4.619584
2025-08-26,2885.87,13.7778728163,625.0,0.2165724720794769,0.07879374391647692,4.617392
2025-08-27,2911.48,13.7427854698,625.0,0.2146674543531125,0.07723959965511248,4.658368
2025-08-28,2912.72,13.7926588791,625.0,0.21457606635721937,0.07664947756621937,4.660352
2025-08-29,2899.38,13.8794113775,625.0,0.2155633273320503,0.0767692135570503,4.6390080000000005
2025-09-01,2886.97,13.8413416934,625.0,0.21648995313425495,0.07807653620025495,4.619152
2025-09-02,2845.39,13.8906271637,625.0,0.21965354485676833,0.08074727321976832,4.552624
2025-09-03,2867.55,13.72124537,625.0,0.21795609492423845,0.08074364122423844,4.588080000000001
2025-09-04,2873.7,13.5733416153,625.0,0.21748964749277935,0.08175623133977936,4.597919999999999
2025-09-05,2901.45,13.5756438673,625.0,0.21540953661100484,0.07965309793800485,4.64232
2025-09-08,2921.62,13.4943068982,625.0,0.21392241290790726,0.07897934392590725,4.674592
2025-09-09,2935.96,13.6162823704,625.0,0.21287755963977711,0.0767147359357771,4.697536
2025-09-10,2914.26,13.6507429805,625.0,0.21446267663146046,0.07795524682646046,4.662816
2025-09-11,2908.14,13.7306925676,625.0,0.21491400001375452,0.07760707433775452,4.653023999999999
2025-09-12,2839.73,13.9376499725,625.0,0.22009134671253958,0.08071484698753958,4.543568
2025-09-15,2809.85,13.9985374775,625.0,0.2224318024093813,0.08244642763438129,4.49576
2025-09-16,2802.77,14.0652518705,625.0,0.22299368125104807,0.08234116254604809,4.484432
2025-09-17,2814.04,14.0141860764,625.0,0.22210060979943427,0.08195874903543426,4.502464
2025-09-18,2793.58,14.1125143157,625.0,0.2237272603612569,0.08260211720425689,4.469728
2025-09-19,2748.06,14.3342283496,625.0,0.22743317103702249,0.08409088754102248,4.396896
2025-09-22,2741.06,14.3176115096,625.0,0.22801397999314135,0.08483786489714135,4.385696
2025-09-23,2758.65,14.3354649807,625.0,0.226560092799014,0.08320544299201402,4.41384
2025-09-24,2723.58,14.4763073369,625.0,0.22947737903788396,0.08471430566888397,4.357728
2025-09-25,2708.68,14.5633498351,625.0,0.2307396960881315,0.08510619773713149,4.333888
2025-09-26,2725.97,14.5752852057,625.0,0.22927618425734694,0.08352333220034694,4.361552
2025-09-29,2684.09,14.7566826078,625.0,0.23285359283779603,0.08528676675979602,4.294544
2025-09-30,2684.6,14.8046800614,625.0,0.2328093570736795,0.0847625564596795,4.29536
2025-10-01,2647.25,14.8309107753,610.0,0.2304278024364907,0.0821186946834907,4.339754098360656
2025-10-02,2632.07,14.9352664128,610.0,0.2317567541896682,0.08240409006166821,4.314868852459017
2025-10-03,2604.55,14.8977333196,610.0,0.23420552494672783,0.08522819175072782,4.269754098360656
2025-10-06,2648.5,14.9162420539,610.0,0.23031904851802906,0.08115662797902906,4.341803278688524
2025-10-07,2668.6,14.9166945346,610.0,0.2285842763996103,0.07941733105361029,4.374754098360656
2025-10-08,2562.51,15.1187195828,610.0,0.23804785152057942,0.08686065569257942,4.200836065573771
2025-10-09,2638.37,15.0220808117,610.0,0.23120335661791183,0.08098254850091183,4.3251967213114755
2025-10-10,2588.56,15.1059694552,610.0,0.2356522545353401,0.08459255998334012,4.243540983606557
2025-10-13,2576.38,15.189466048,610.0,0.23676631552798888,0.08487165504798888,4.223573770491804
2025-10-14,2541.49,15.4237435121,610.0,0.2400166831268272,0.0857792480058272,4.166377049180327
2025-10-15,2545.22,15.4430421901,610.0,0.2396649405552369,0.0852345186542369,4.172491803278688
2025-10-16,2607.78,15.0933031953,610.0,0.23391543765194914,0.08298240569894913,4.275049180327869
2025-10-17,2721.14,14.9104256466,610.0,0.2241707519642503,0.07506649549825029,4.460885245901639
2025-10-20,2744.83,15.0422979405,610.0,0.22223598547086706,0.07181300606586707,4.49972131147541
2025-10-21,2632.42,15.3396291755,610.0,0.23172594038945152,0.07832964863445152,4.31544262295082
2025-10-22,2653.0,15.2072658113,610.0,0.22992838296268375,0.07785572484968376,4.349180327868853
2025-10-23,2570.67,15.2809602703,610.0,0.23729222342813353,0.08448262072513352,4.214213114754099
2025-10-24,2543.93,15.3454032646,610.0,0.23978647211204712,0.08633243946604713,4.170377049180328
2025-10-27,2476.79,15.464797869,610.0,0.2462865240896483,0.0916385453996483,4.060311475409836
2025-10-28,2495.09,15.3558558397,610.0,0.2444801590323395,0.0909216006353395,4.090311475409837
2025-10-29,2523.35,15.1135866894,610.0,0.2417421285196267,0.09060626162562671,4.136639344262295
2025-10-30,2557.48,15.0416427041,610.0,0.2385160392261132,0.0880996121851132,4.192590163934426
2025-10-31,2525.2,15.1053904619,610.0,0.24156502455251072,0.09051111993351071,4.139672131147541
2025-11-01,2532.66,15.0594018984,610.0,0.2408534900065544,0.09025947102255438,4.1519016393442625
2025-11-03,2570.96,14.9100814455,610.0,0.2372654572611009,0.0881646428061009,4.214688524590164
2025-11-05,2546.62,14.964476131,610.0,0.23953318516307892,0.08988842385307894,4.174786885245902
2025-11-06,2542.7,15.0550244461,610.0,0.2399024658827231,0.08935222142172311,4.168360655737705
2025-11-07,2566.42,14.9722455323,610.0,0.2376851801341947,0.08796272481119471,4.207245901639344
2025-11-10,2558.6,14.8598116104,610.0,0.2384116313609005,0.08981351525690048,4.194426229508196
2025-11-11,2566.17,14.7581698909,610.0,0.23770833576886954,0.09012663685986955,4.20683606557377
2025-11-12,2536.22,14.7203491716,565.0,0.22277247241958506,0.07556898070358506,4.488884955752212
2025-11-13,2543.36,14.6680181887,565.0,0.22214708102667335,0.07546689913967336,4.501522123893806
2025-11-14,2525.68,14.7281184604,565.0,0.22370213170314532,0.07642094709914532,4.470230088495575
2025-11-17,2510.64,14.8344478254,565.0,0.22504222031035911,0.07669774205635913,4.443610619469026
2025-11-18,2563.07,14.7766687381,565.0,0.22043877069295803,0.07267208331195804,4.536407079646018
2025-11-19,2646.02,14.6995576516,565.0,0.21352824241691296,0.06653266590091297,4.683221238938053
2025-11-20,2628.31,14.6983284557,565.0,0.21496703204720904,0.06798374749020905,4.65187610619469
2025-11-21,2685.03,14.5986113646,565.0,0.21042595427239172,0.06443984062639171,4.752265486725664
2025-11-24,2654.84,14.6786238564,565.0,0.2128188516068765,0.0660326130428765,4.69883185840708
2025-11-25,2685.95,14.6803513798,565.0,0.21035387851598134,0.06355036471798134,4.753893805309734
2025-11-26,2668.38,14.8140576208,565.0,0.2117389577196651,0.06359838151166511,4.722796460176991
2025-11-27,2621.37,14.8848840034,565.0,0.21553615094397205,0.06668731090997204,4.639592920353982
2025-11-28,2676.42,14.8190826436,565.0,0.2111028911755255,0.06291206473952549,4.737026548672566
2025-12-01,2686.93,14.9485675217,565.0,0.21027715645736958,0.060791481240369594,4.755628318584071
2025-12-02,2667.2,14.8576721655,565.0,0.21183263347330536,0.06325591181830537,4.72070796460177
2025-12-03,2651.71,14.7387735088,565.0,0.21307005668040624,0.06568232159240625,4.693292035398231
2025-12-04,2657.13,14.6707016392,565.0,0.21263543748329963,0.06592842109129962,4.7028849557522125
2025-12-05,2711.3,14.5482381918,565.0,0.2083871205694685,0.0629047386514685,4.7987610619469026
2025-12-08,2705.17,14.5794930004,565.0,0.20885933231552914,0.06306440231152916,4.787911504424779
2025-12-09,2702.72,14.592604407,565.0,0.20904866208856265,0.06312261801856267,4.783575221238937
2025-12-10,2720.66,14.626046521,565.0,0.20767019767262357,0.06140973246262357,4.815327433628318
2025-12-11,2748.93,14.5211430481,565.0,0.2055345170666405,0.06032308658564048,4.865362831858407
2025-12-12,2739.49,14.3794554391,565.0,0.20624276781444723,0.062448213423447224,4.848654867256637
2025-12-15,2748.93,14.4647408608,565.0,0.2055345170666405,0.06088710845864051,4.865362831858407
2025-12-16,2774.23,14.42478385,565.0,0.2036601146984929,0.0594122761984929,4.910141592920354
2025-12-17,2759.73,14.5054222064,565.0,0.20473017287923093,0.059675950815230916,4.884477876106195
2025-12-18,2753.07,14.4086457661,565.0,0.20522543923692457,0.06113898157592457,4.872690265486726
2025-12-19,2743.09,14.5607897828,565.0,0.20597209716050147,0.06036419933250145,4.8550265486725666
2025-12-22,2715.98,14.7104808577,565.0,0.20802804144360415,0.06092323286660414,4.80704424778761
2025-12-23,2725.38,14.7014674844,565.0,0.20731054018155265,0.06029586533755266,4.823681415929204
2025-12-24,2720.02,14.6944171148,565.0,0.20771906088925818,0.060774889741258165,4.814194690265487
2025-12-25,2714.12,14.7882745736,565.0,0.2081706041000398,0.06028785836403977,4.80375221238938
2025-12-26,2754.89,14.8022616013,565.0,0.20508985839725,0.05706724238425001,4.875911504424779
2025-12-29,2742.03,14.644278946359,565.0,0.2060517208053887,0.059608931341798704,4.853150442477877
2025-12-30,2766.62,14.584683146839,565.0,0.20422031214984349,0.05837348068145348,4.896672566371681
2026-01-05,2757.09,14.470292496881,565.0,0.20492620842990253,0.06022328346109254,4.879805309734514
2026-01-06,2745.26,14.347111815604,565.0,0.20580928582356497,0.06233816766752498,4.8588672566371685
2026-01-08,2718.62,14.604384041921,565.0,0.2078260293825544,0.06178218896334439,4.811716814159292
2026-01-09,2724.85,14.509460757301,565.0,0.20735086335027617,0.06225625577726618,4.822743362831858
2026-01-12,2701.93,14.776277852489,565.0,0.20910978448738496,0.061347005962494955,4.782176991150442
2026-01-13,2696.92,14.875036783194,565.0,0.20949824243952359,0.060747874607583574,4.7733097345132744
2026-01-14,2702.69,14.869092982269,565.0,0.20905098253961793,0.06036005271692793,4.783522123893805
2026-01-15,2701.32,14.953603850138,565.0,0.2091570047236166,0.05962096622223659,4.781097345132744
2026-01-16,2733.75,14.732734220215,565.0,0.20667581161408322,0.0593484694119332,4.838495575221239
2026-01-19,2750.25,14.851078791673,565.0,0.20543586946641215,0.05692508154968215,4.867699115044248
2026-01-20,2738.07,14.946997833096,565.0,0.2063497280931459,0.05687974976218588,4.846141592920354
2026-01-21,2770.53,14.975636681358,565.0,0.20393209963436598,0.05417573282078597,4.903592920353983
2026-01-22,2768.02,14.950922581125,565.0,0.2041170222758506,0.054607796464600594,4.899150442477876
2026-01-23,2777.29,14.999205422435,565.0,0.20343572331301377,0.05344366908866377,4.915557522123894
2026-01-26,2768.15,15.155160007929,565.0,0.20410743637447393,0.05255583629518393,4.899380530973452
2026-01-27,2781.39,15.117356926883,565.0,0.20313584215086702,0.05196227288203703,4.922814159292035
2026-01-28,2788.01,15.163402109458,565.0,0.20265350554696718,0.05101948445238719,4.934530973451328
2026-01-29,2797.76,14.955415447758,565.0,0.201947272103397,0.052393117625817,4.951787610619469
2026-01-30,2782.74,14.994825237722,565.0,0.20303729417768102,0.053089041800461007,4.925203539823008
2026-02-02,2768.56,14.948521402777,565.0,0.20407720981304361,0.0545919957852736,4.900106194690266
2026-02-03,2786.15,14.880545046789,565.0,0.2027887945731565,0.05398334410526648,4.931238938053098
2026-02-04,2776.31,15.003100467114,565.0,0.20350753338063834,0.053476528709498344,4.913823008849557
2026-02-05,2737.13,15.1007431403,565.0,0.2064205938336871,0.05541316243068711,4.844477876106195
2026-02-06,2735.43,15.215029673009,565.0,0.2065488789696684,0.054398582239578386,4.841469026548673
2026-02-09,2725.64,15.236725837024,565.0,0.20729076473782304,0.05492350636758303,4.824141592920354
2026-02-10,2717.04,15.264638749464,565.0,0.20794688337308248,0.05530049587844249,4.808920353982301
2026-02-11,2757.75,15.153861786014,565.0,0.20487716435499956,0.05333854649485956,4.880973451327433
2026-02-12,2765.66,15.049765505223,565.0,0.20429119993057715,0.053793544878347144,4.8949734513274334
2026-02-13,2776.34,14.890482234454,565.0,0.20350533436106527,0.05460051201652527,4.9138761061946905
2026-02-16,2782.6,14.758855187295,565.0,0.20304750952346726,0.055458957650517254,4.924955752212389
2026-02-17,2765.33,14.702891303828,565.0,0.20431557897249153,0.05728666593421153,4.894389380530973
2026-02-18,2779.08,14.529750440407,565.0,0.20330469076097127,0.058007186356901275,4.918725663716814
2026-02-19,2772.84,14.597705454991,565.0,0.20376220770040823,0.05778515315049823,4.907681415929204
2026-02-20,2780.6,14.669708858988,565.0,0.20319355534776667,0.056496466757886665,4.9214159292035395
2026-02-24,2777.35,14.662444932438,565.0,0.2034313284245774,0.05680687910019741,4.9156637168141595
2026-02-25,2795.39,14.702272150713,565.0,0.2021184879390711,0.05509576643194111,4.947592920353982
2026-02-26,2785.58,14.79679406383,565.0,0.2028302902806597,0.0548623496423597,4.930230088495575
2026-02-27,2799.14,14.74870713162,565.0,0.20184771036818452,0.054360639051984516,4.954230088495575
2026-03-02,2835.65,14.81251107446,565.0,0.19924884947013913,0.05112373872553913,5.018849557522124
2026-03-03,2825.14,14.819375498661,565.0,0.19999008898674048,0.05179633400013048,5.000247787610619
2026-03-04,2809.78,14.782034055689,565.0,0.20108335883948208,0.053263018282592084,4.973061946902655
2026-03-05,2825.0,14.792953322407,565.0,0.2,0.052070466775930024,5.0
2026-03-06,2854.11,14.763367331342,565.0,0.19796013468296597,0.050326461369545966,5.051522123893806
2026-03-09,2888.68,14.720650162383,565.0,0.1955910658155282,0.048384564191698204,5.1127079646017695
2026-03-10,2853.86,14.816055873468,565.0,0.19797747612006195,0.04981691738538194,5.051079646017699
2026-03-11,2854.05,14.74521470197,565.0,0.19796429635079973,0.05051214933109974,5.05141592920354
2026-03-12,2872.08,14.491332467983,565.0,0.196721539789978,0.05180821511014799,5.083327433628319
2026-03-13,2871.86,14.365460771318,565.0,0.1967366097233152,0.05308200201013519,5.082938053097346
2026-03-16,2853.72,14.604966356561,565.0,0.19798718865200512,0.051937525086395125,5.050831858407079
2026-03-17,2853.53,14.544092187256,565.0,0.19800037146972346,0.052559449597163466,5.050495575221239
2026-03-18,2871.72,14.490981734342,565.0,0.19674620088309447,0.05183638353967446,5.082690265486725
2026-03-19,2868.99,14.506815130277,565.0,0.19693341559224675,0.05186526428947677,5.0778584070796455
2026-03-20,2864.89,14.435519193098,565.0,0.19721525084732747,0.052860058916347485,5.070601769911504
2026-03-23,2833.43,14.463457457429,565.0,0.1994049614777849,0.054770386903494894,5.0149203539823
2026-03-24,2837.9,14.435640449779,565.0,0.19909087705697875,0.05473447255918876,5.02283185840708
2026-03-25,2840.14,14.375192409819,670.0,0.2359038638940334,0.09215193979584338,4.239014925373134
2026-03-26,2822.84,14.442199810952,670.0,0.2373496195321024,0.0929276214225824,4.213194029850746
2026-03-27,2789.61,14.442508966518,670.0,0.24017694229659342,0.09575185263141342,4.163597014925373
2026-03-30,2800.69,14.457053785807,670.0,0.23922676197651294,0.09465622411844293,4.180134328358209
2026-03-31,2776.37,14.57886284206,670.0,0.24132230214272593,0.09553367372212593,4.143835820895522
2026-04-01,2775.24,14.468656706049,670.0,0.2414205618252836,0.09673399476479361,4.142149253731343
2026-04-02,2774.41,14.445268573369,670.0,0.24149278585356887,0.09704010011987887,4.140910447761194
2026-04-03,2760.7,14.474644759987,670.0,0.24269207085159564,0.09794562325172565,4.12044776119403
2026-04-06,2756.05,14.403048456228,670.0,0.2431015402478184,0.09907105568553842,4.1135074626865675
2026-04-07,2797.24,14.47735114378,670.0,0.23952181435986902,0.09474830292206901,4.174985074626865
2026-04-08,2765.06,14.402210250293,670.0,0.2423093893080078,0.09828728680507778,4.126955223880597
2026-04-09,2733.4,14.428916367002,670.0,0.24511597278115166,0.10082680911113168,4.079701492537313
2026-04-10,2725.39,14.327381938152,670.0,0.2458363757113661,0.1025625563298461,4.067746268656716
2026-04-13,2722.69,14.436262560244,670.0,0.24608016336784577,0.10171753776540576,4.063716417910448
2026-04-14,2725.51,14.443108131402,670.0,0.2458255519150544,0.1013944706010344,4.067925373134329
2026-04-15,2740.45,14.239760351462,670.0,0.24448539473444145,0.10208779121982145,4.090223880597015
2026-04-16,2741.14,14.218023683332,670.0,0.24442385284954435,0.10224361601622436,4.091253731343284
2026-04-17,2723.94,14.204347407187,670.0,0.2459672386322753,0.10392376456040528,4.0655820895522385
2026-04-20,2753.66,14.050506097876,670.0,0.2433125367692453,0.1028074757904853,4.109940298507462
2026-04-21,2757.7,14.136040073499,670.0,0.24295608659390072,0.10159568585891071,4.115970149253731
2026-04-22,2761.64,14.006167302969,670.0,0.2426094639417158,0.10254779091202582,4.121850746268657
2026-04-23,2771.46,14.064792515303,670.0,0.24174983582660403,0.10110191067357405,4.136507462686567
2026-04-24,2733.0,14.245027733939,670.0,0.2451518477863154,0.1027015704469254,4.07910447761194
2026-04-27,2732.41,14.239426839095,670.0,0.2452047825911924,0.10281051420024243,4.078223880597014
2026-04-28,2696.58,14.220959378594,670.0,0.24846286778067034,0.10625327399473034,4.024746268656716
2026-04-29,2639.82,14.284809080663,670.0,0.2538051836867665,0.11095709288013653,3.940029850746269
2026-04-30,2658.21,14.193461639486,670.0,0.25204931137870973,0.11011469498384974,3.9674776119402986
2026-05-04,2620.82,14.218026814954,670.0,0.25564517975290174,0.11346491160336175,3.911671641791045
2026-05-05,2644.37,14.278812560976,670.0,0.25336847717981975,0.11058035157005974,3.946820895522388
2026-05-06,2632.5,14.218927037514,670.0,0.25451092117758783,0.11232165080244783,3.9291044776119404
2026-05-07,2615.33,14.305870734494,670.0,0.25618182026742325,0.11312311292248325,3.9034776119402985
2026-05-08,2597.8,14.317102957854,670.0,0.25791053968742783,0.11473951010888783,3.877313432835821
2026-05-11,2656.91,14.239266678733,670.0,0.2521726366342857,0.1097799698469557,3.9655373134328356
2026-05-12,2689.96,14.300053206186,670.0,0.24907433567785395,0.10607380361599394,4.014865671641791
2026-05-13,2694.72,14.30385474209,670.0,0.24863436646479042,0.10559581904389043,4.021970149253731
2026-05-14,2658.84,14.491963161603,670.0,0.25198958944502114,0.10706995782899115,3.9684179104477613
2026-05-15,2633.84,14.250545106103,670.0,0.2543814354706436,0.1118759844096136,3.9311044776119406
2026-05-18,2668.22,14.246250360164,670.0,0.25110373207606573,0.10864122847442573,3.982417910447761
2026-05-19,2663.48,14.326399290897,670.0,0.2515506029705498,0.10828661006157983,3.9753432835820894
2026-05-20,2640.32,14.301331370558,670.0,0.25375712034904857,0.11074380664346858,3.9407761194029853
2026-05-21,2664.29,14.307403604036,670.0,0.2514741263150783,0.10840009027471831,3.97655223880597
2026-05-22,2625.69,14.335532898899,670.0,0.255171021712388,0.11181569272339797,3.918940298507463
2026-05-25,2598.2,14.435718492327,670.0,0.2578708336540682,0.11351364873079822,3.877910447761194
2026-05-26,2580.25,14.439772119602,670.0,0.2596647611665536,0.11526703997053361,3.851119402985075
2026-05-27,2590.24,14.412834119117,670.0,0.2586632898881957,0.11453494869702568,3.8660298507462683
2026-05-28,2583.89,14.374854058675,670.0,0.2592989639651843,0.11555042337843432,3.85655223880597
2026-05-29,2565.61,14.416849915806,670.0,0.2611464719891176,0.1169779728310576,3.829268656716418
2026-06-01,2570.04,14.489997974274,670.0,0.26069633157460587,0.11579635183186585,3.8358805970149255
2026-06-02,2620.39,14.328811976914,670.0,0.25568713054163694,0.11239901077249695,3.9110298507462686
2026-06-03,2601.35,14.362376239261,670.0,0.25755857535510407,0.11393481296249408,3.8826119402985073
2026-06-04,2579.9,14.379759075535,650.0,0.2519477499127873,0.10815015915743728,3.969076923076923
2026-06-05,2561.04,14.406904843026,650.0,0.2538031424733702,0.10973409404311021,3.9400615384615385
2026-06-08,2517.64,14.488178019655,650.0,0.25817829395783354,0.11329651376128352,3.8732923076923074
2026-06-09,2522.77,14.511250724925,650.0,0.25765329380006896,0.11254078655081895,3.8811846153846155
2026-06-10,2520.88,14.423850903651,650.0,0.2578464663133509,0.11360795727684089,3.8782769230769234
2026-06-11,2515.33,14.505462317434,650.0,0.25841539678690273,0.11336077361256272,3.8697384615384616
2026-06-15,2542.84,14.537536582325,650.0,0.2556197008069717,0.11024433498372171,3.9120615384615385
2026-06-16,2490.52,14.516692806661,650.0,0.26098967283940705,0.11582274477279705,3.831569230769231
2026-06-17,2485.05,14.54867900003,650.0,0.2615641536387598,0.11607736363845977,3.8231538461538466
2026-06-18,2441.24,14.592652984467,650.0,0.26625813111369634,0.12033160126902634,3.755753846153846
2026-06-19,2420.56,14.691366639913,650.0,0.2685329014773441,0.1216192350782141,3.7239384615384616
2026-06-22,2318.28,14.930501117057,625.0,0.26959642493572816,0.12029141376515817,3.709248
2026-06-23,2335.94,14.930462376618,625.0,0.26755824207813556,0.11825361831195555,3.737504
2026-06-24,2243.47,15.141645719932,625.0,0.2785862971200863,0.1271698399207663,3.589552
2026-06-25,2257.24,15.328663389468,625.0,0.27688681752937216,0.12360018363469216,3.6115839999999997
2026-06-26,2285.61,15.438126753888,590.0,0.258136777490473,0.103755509951593,3.8739152542372883
2026-06-29,2349.81,15.501483798811,590.0,0.251084130206272,0.09606929221816202,3.982728813559322
2026-06-30,2348.15,15.501483798811,590.0,0.25126163149713604,0.09624679350902604,3.979915254237288
2026-07-01,2344.55,15.501483798811,590.0,0.25164743767460707,0.09663259968649707,3.9738135593220343
2026-07-02,2256.06,15.749468602108,590.0,0.26151786743260375,0.10402318141152375,3.8238305084745763
2026-07-03,2242.84,15.848466024691,590.0,0.26305933548536675,0.10457467523845676,3.8014237288135595
2026-07-06,2194.14,15.925097222577,590.0,0.268898064845452,0.10964709261968197,3.7188813559322034
2026-07-07,2190.39,15.954729601065,590.0,0.2693584247554089,0.10981112874475887,3.7125254237288132
2026-07-08,2220.77,15.687447614596,590.0,0.26567361770917297,0.10879914156321296,3.764016949152542
2026-07-09,2186.75,15.668752904091,590.0,0.269806790899737,0.11311926185882701,3.70635593220339
2026-07-10,2145.65,15.623142024657,590.0,0.27497494931605804,0.11874352906948804,3.6366949152542376
2026-07-13,2164.42,15.807318534907,590.0,0.2725903475295922,0.11451716218052221,3.6685084745762713
2026-07-14,2170.78,15.825748360926,590.0,0.2717917062069855,0.11353422259772553,3.6792881355932208
2026-07-15,2111.9,15.994342123616,590.0,0.27936928831857566,0.11942586708241565,3.579491525423729
2026-07-16,2022.27,16.172392920998,590.0,0.29175134873187064,0.13002741952189065,3.4275762711864406
2026-07-17,1958.43,16.156120763508,590.0,0.30126172495315123,0.13970051731807123,3.3193728813559322
2026-07-20,2000.69,16.268905975823,590.0,0.2948982601002654,0.13220920034203537,3.391
2026-07-21,2078.78,15.891292856402,590.0,0.2838203176863352,0.1249073891223152,3.52335593220339
2026-07-22,2136.11,15.843233205928,590.0,0.2762030045269204,0.11777067246764042,3.6205254237288136
2026-07-23,2144.97,15.753131503104,590.0,0.27506212208096154,0.11753080704992155,3.6355423728813556
2026-07-24,2165.54,15.381361219317,590.0,0.27244936597800085,0.11863575378483085,3.670406779661017
2026-07-27,2216.92,15.485958245064,590.0,0.2661349981054797,0.1112754156548397,3.757491525423729
2026-07-28,2191.18,15.46213777887,590.0,0.26926131125694835,0.11463993346824836,3.7138644067796607
2026-07-29,2237.17,15.385299937975,590.0,0.26372604674655925,0.10987304736680925,3.791813559322034
2026-07-30,2209.84,15.400361092699,590.0,0.2669876552148572,0.11298404428786718,3.745491525423729
2026-07-31,2226.36,15.422327919898,590.0,0.26500655778939614,0.11078327859041612,3.773491525423729
2026-08-03,2262.75,15.48677008236,590.0,0.2607446690973373,0.1058769682737373,3.8351694915254235
2026-08-04,2269.23,15.455847119487,590.0,0.2600000881356231,0.10544161694075307,3.8461525423728813
2026-08-05,2301.65,15.447664774162,590.0,0.25633784458975084,0.10186119684813083,3.9011016949152544
2026-08-06,2285.88,15.361269385004,590.0,0.2581062872941712,0.10449359344413117,3.8743728813559324
2026-08-07,2281.31,15.39624041273,590.0,0.25862333483831657,0.10466093071101656,3.8666271186440677
2026-08-10,2304.18,15.3816,590.0,0.2560563844838511,0.10224038448385109,3.9053898305084744
